epoch,time,train/box_loss,train/cls_loss,train/dfl_loss,metrics/precision(B),metrics/recall(B),metrics/mAP50(B),metrics/mAP50-95(B),val/box_loss,val/cls_loss,val/dfl_loss,lr/pg0,lr/pg1,lr/pg2
1,6.92533,0.81893,2.67558,1.26142,0.00386,0.96226,0.09875,0.07683,0.64594,3.21423,1.16722,4e-05,4e-05,4e-05
2,13.8252,0.72388,2.63613,1.1992,0.00386,0.96226,0.52707,0.44104,0.67864,3.2069,1.18742,9.901e-05,9.901e-05,9.901e-05
3,20.593,0.82378,2.4879,1.28596,0.00386,0.96226,0.69595,0.55878,0.60107,3.26046,1.13062,0.000156832,0.000156832,0.000156832
4,28.4899,0.72041,2.34583,1.16139,0.00402,1,0.70351,0.55939,0.69635,3.30642,1.15383,0.000213466,0.000213466,0.000213466
5,35.9859,0.75626,2.23328,1.18456,0.00402,1,0.73377,0.55025,0.73613,3.25258,1.17577,0.000268912,0.000268912,0.000268912
6,43.043,0.74427,2.04177,1.19491,0.00402,1,0.71926,0.5316,0.70392,3.236,1.20378,0.00032317,0.00032317,0.00032317
7,49.9072,0.81214,2.03147,1.23258,0.00402,1,0.72869,0.5716,0.68621,3.22009,1.22639,0.00037624,0.00037624,0.00037624
8,56.6961,0.82622,1.7931,1.18494,0.00402,1,0.71518,0.54973,0.76579,3.21525,1.25842,0.000428122,0.000428122,0.000428122
9,63.3343,0.78193,1.69034,1.16157,0.00402,1,0.68324,0.46015,0.88147,3.28121,1.35161,0.000478816,0.000478816,0.000478816
10,70.0187,0.77949,1.57664,1.20421,0.13205,0.90566,0.64491,0.43575,0.908,3.28419,1.39768,0.000528322,0.000528322,0.000528322
11,76.6795,0.8002,1.63349,1.23059,1,0.18574,0.59735,0.41187,0.84898,3.23152,1.31322,0.00057664,0.00057664,0.00057664
12,83.3403,0.76557,1.50945,1.16874,0.86241,0.23685,0.61295,0.45297,0.77631,3.13022,1.28271,0.00062377,0.00062377,0.00062377
13,90.025,0.81429,1.58782,1.2401,0.837,0.30189,0.54915,0.37481,0.93908,3.20112,1.40853,0.000669712,0.000669712,0.000669712
14,96.7746,0.85104,1.50031,1.22574,0.60853,0.18868,0.4374,0.28188,1.06256,3.40697,1.51996,0.000714466,0.000714466,0.000714466
15,103.807,0.84686,1.42253,1.19456,0.52048,0.43396,0.4756,0.33151,0.94953,3.1718,1.41453,0.000758032,0.000758032,0.000758032
16,110.95,0.84926,1.45933,1.26379,0.61467,0.43396,0.578,0.41997,0.84286,3.01485,1.31214,0.00080041,0.00080041,0.00080041
17,117.852,0.82759,1.41283,1.15623,0.67944,0.58491,0.64159,0.45905,0.84052,2.78637,1.32621,0.0008416,0.0008416,0.0008416
18,124.495,0.788,1.44982,1.14775,0.6874,0.56604,0.65845,0.49818,0.86033,2.66674,1.41862,0.000881602,0.000881602,0.000881602
19,131.206,0.79991,1.31295,1.15462,0.49612,0.60377,0.50519,0.37353,0.97034,2.83634,1.54258,0.000920416,0.000920416,0.000920416
20,137.927,0.78692,1.24991,1.18928,0.48991,0.5437,0.43862,0.29428,1.15647,3.12444,1.71323,0.000958042,0.000958042,0.000958042
21,144.62,0.80318,1.28946,1.14276,0.42649,0.45283,0.34118,0.21326,1.57329,3.49625,2.1956,0.00099448,0.00099448,0.00099448
22,151.201,0.86796,1.39567,1.21097,0.38327,0.30189,0.24107,0.14941,1.7156,4.22675,2.24951,0.00102973,0.00102973,0.00102973
23,157.764,0.85109,1.41512,1.258,0.30317,0.22642,0.22122,0.1381,1.86039,4.07476,2.42968,0.00106379,0.00106379,0.00106379
24,164.378,0.79721,1.29269,1.18305,0.4807,0.34944,0.31614,0.22157,1.59234,3.51979,2.05699,0.00109667,0.00109667,0.00109667
25,170.938,0.76883,1.2812,1.20646,0.66638,0.43396,0.5216,0.40493,1.1838,3.19178,1.62048,0.00112835,0.00112835,0.00112835
26,177.617,0.77342,1.23152,1.15705,0.63389,0.49005,0.64037,0.48253,0.86483,2.84609,1.38445,0.00115885,0.00115885,0.00115885
27,184.221,0.81301,1.21069,1.19028,0.66599,0.64151,0.72175,0.46847,0.92098,2.76459,1.46797,0.00118816,0.00118816,0.00118816
28,190.832,0.81306,1.44599,1.2286,0.6482,0.6258,0.69241,0.45005,0.97085,2.6704,1.54927,0.00121628,0.00121628,0.00121628
29,197.39,0.82282,1.31504,1.24214,0.6482,0.6258,0.69241,0.45005,0.97085,2.6704,1.54927,0.00124322,0.00124322,0.00124322
30,203.996,0.83726,1.24055,1.21615,0.6645,0.60377,0.64388,0.42997,0.9618,2.61122,1.45871,0.00126896,0.00126896,0.00126896
31,210.657,0.80478,1.25665,1.21056,0.77221,0.63965,0.73696,0.49122,0.91572,2.54311,1.41329,0.00129352,0.00129352,0.00129352
32,217.263,0.87995,1.29979,1.22942,0.72554,0.62264,0.66559,0.41984,0.91848,2.70525,1.45637,0.00131689,0.00131689,0.00131689
33,223.966,0.81023,1.27679,1.18026,0.72554,0.62264,0.66559,0.41984,0.91848,2.70525,1.45637,0.00133907,0.00133907,0.00133907
34,230.629,0.73691,1.13522,1.14499,0.63234,0.49057,0.53092,0.3627,0.94724,2.83647,1.46657,0.0013466,0.0013466,0.0013466
35,237.228,0.85747,1.17645,1.26182,0.6269,0.32075,0.47589,0.33517,1.03648,2.75661,1.60229,0.0013268,0.0013268,0.0013268
36,243.984,0.87137,1.1639,1.18847,0.53171,0.4717,0.49817,0.28414,1.16348,2.80299,1.75397,0.001307,0.001307,0.001307
37,250.582,0.74139,1.10946,1.12751,0.53171,0.4717,0.49817,0.28414,1.16348,2.80299,1.75397,0.0012872,0.0012872,0.0012872
38,257.178,0.80593,1.17732,1.14617,0.66466,0.39623,0.58575,0.33584,1.05585,2.83524,1.68903,0.0012674,0.0012674,0.0012674
39,263.907,0.82002,1.15468,1.19326,0.46139,0.69811,0.64136,0.44688,1.01488,2.69261,1.63745,0.0012476,0.0012476,0.0012476
40,270.566,0.77744,1.07091,1.18021,0.50905,0.49057,0.52729,0.30444,1.17442,2.80543,1.78115,0.0012278,0.0012278,0.0012278
41,277.132,0.84922,1.211,1.21927,0.50905,0.49057,0.52729,0.30444,1.17442,2.80543,1.78115,0.001208,0.001208,0.001208
42,283.763,0.73798,1.0363,1.17217,0.55586,0.56675,0.57313,0.33152,1.25358,2.7217,1.83972,0.0011882,0.0011882,0.0011882
43,290.439,0.7418,1.14905,1.11111,0.69047,0.58491,0.69676,0.40561,1.28188,2.4563,1.81343,0.0011684,0.0011684,0.0011684
44,297.161,0.73708,1.11091,1.13566,0.71434,0.84906,0.82015,0.57817,1.00167,2.1438,1.58242,0.0011486,0.0011486,0.0011486
45,303.841,0.74202,1.14521,1.18355,0.71434,0.84906,0.82015,0.57817,1.00167,2.1438,1.58242,0.0011288,0.0011288,0.0011288
46,310.645,0.78571,1.04583,1.14241,0.74374,0.76671,0.79267,0.58909,0.94949,2.04585,1.48628,0.001109,0.001109,0.001109
47,317.37,0.81849,1.06545,1.19726,0.72913,0.71111,0.78079,0.61044,0.83703,2.05155,1.36486,0.0010892,0.0010892,0.0010892
48,324.096,0.7547,1.07326,1.18972,0.82552,0.80354,0.83627,0.64184,0.76206,1.91532,1.25399,0.0010694,0.0010694,0.0010694
49,330.771,0.70887,1.06782,1.15834,0.82552,0.80354,0.83627,0.64184,0.76206,1.91532,1.25399,0.0010496,0.0010496,0.0010496
50,337.502,0.71806,1.026,1.16045,0.84633,0.84906,0.90211,0.69722,0.75714,1.69342,1.21299,0.0010298,0.0010298,0.0010298
51,344.15,0.77987,1.15442,1.19441,0.9354,0.79245,0.9319,0.72672,0.76576,1.53942,1.30359,0.00101,0.00101,0.00101
52,350.998,0.70917,0.97693,1.11135,0.94107,0.79245,0.94085,0.73735,0.77803,1.49377,1.41632,0.0009902,0.0009902,0.0009902
53,357.815,0.67115,0.94448,1.05814,0.94107,0.79245,0.94085,0.73735,0.77803,1.49377,1.41632,0.0009704,0.0009704,0.0009704
54,364.493,0.67148,0.92795,1.08127,0.85089,0.86792,0.92159,0.74995,0.67068,1.54474,1.22745,0.0009506,0.0009506,0.0009506
55,371.256,0.71327,0.90894,1.1541,0.82506,0.88988,0.9009,0.74101,0.62205,1.62106,1.11592,0.0009308,0.0009308,0.0009308
56,377.908,0.64744,0.86526,1.07039,0.89761,0.88679,0.91923,0.75551,0.60719,1.51692,1.06651,0.000911,0.000911,0.000911
57,384.496,0.704,0.99603,1.10241,0.89761,0.88679,0.91923,0.75551,0.60719,1.51692,1.06651,0.0008912,0.0008912,0.0008912
58,391.048,0.71027,0.96033,1.10337,0.88025,0.84906,0.92567,0.78496,0.61159,1.46293,1.06219,0.0008714,0.0008714,0.0008714
59,397.707,0.68576,0.88992,1.05683,0.79814,0.98113,0.95063,0.81531,0.58051,1.36736,1.05462,0.0008516,0.0008516,0.0008516
60,404.418,0.78755,1.00333,1.18028,0.87885,0.95816,0.96116,0.81702,0.57566,1.34642,1.04379,0.0008318,0.0008318,0.0008318
61,411.076,0.72639,0.92263,1.1192,0.87885,0.95816,0.96116,0.81702,0.57566,1.34642,1.04379,0.000812,0.000812,0.000812
62,417.764,0.63879,0.91649,1.06082,0.94815,0.9434,0.98579,0.8376,0.58964,1.30748,1.03745,0.0007922,0.0007922,0.0007922
63,424.416,0.67895,0.89038,1.11672,0.94525,0.98113,0.98882,0.83084,0.61218,1.28644,1.04556,0.0007724,0.0007724,0.0007724
64,430.982,0.75131,0.98072,1.16912,0.87257,0.98113,0.97483,0.84709,0.52633,1.26022,0.99785,0.0007526,0.0007526,0.0007526
65,437.615,0.64992,0.84873,1.05624,0.87257,0.98113,0.97483,0.84709,0.52633,1.26022,0.99785,0.0007328,0.0007328,0.0007328
66,444.286,0.62152,0.86857,1.0883,0.88072,0.96226,0.96429,0.86409,0.46404,1.23196,0.95048,0.000713,0.000713,0.000713
67,450.893,0.60824,0.76522,1.02341,0.89492,0.92453,0.96998,0.87907,0.44304,1.16382,0.93124,0.0006932,0.0006932,0.0006932
68,457.521,0.63476,0.84294,1.07976,0.93896,0.90566,0.97159,0.8779,0.45696,1.13715,0.9399,0.0006734,0.0006734,0.0006734
69,464.098,0.65225,0.85476,1.07615,0.93896,0.90566,0.97159,0.8779,0.45696,1.13715,0.9399,0.0006536,0.0006536,0.0006536
70,470.735,0.57617,0.79393,1.04352,0.94947,0.92453,0.97328,0.87806,0.45345,1.08482,0.95257,0.0006338,0.0006338,0.0006338
71,477.381,0.64051,0.78401,1.08047,0.95316,0.98113,0.9898,0.90631,0.4272,0.99765,0.94615,0.000614,0.000614,0.000614
72,484.056,0.62069,0.84008,1.06777,0.97728,0.98113,0.99265,0.91444,0.41615,0.93648,0.93032,0.0005942,0.0005942,0.0005942
73,490.601,0.59821,0.79931,1.04087,0.97728,0.98113,0.99265,0.91444,0.41615,0.93648,0.93032,0.0005744,0.0005744,0.0005744
74,497.257,0.60412,0.80148,1.09784,0.99233,0.96226,0.98715,0.90056,0.40841,0.89057,0.91652,0.0005546,0.0005546,0.0005546
75,503.989,0.53293,0.71964,1.00476,0.99613,0.96226,0.98888,0.91026,0.39631,0.88762,0.90991,0.0005348,0.0005348,0.0005348
76,510.618,0.54608,0.82688,1.03821,0.99728,0.96226,0.98485,0.91882,0.40542,0.89239,0.91275,0.000515,0.000515,0.000515
77,517.138,0.57383,0.79923,1.02565,0.99728,0.96226,0.98485,0.91882,0.40542,0.89239,0.91275,0.0004952,0.0004952,0.0004952
78,523.801,0.55254,0.79934,1.03137,0.99773,0.98113,0.98873,0.92201,0.40461,0.91844,0.91008,0.0004754,0.0004754,0.0004754
79,530.443,0.54255,0.72813,0.9854,0.99708,0.98113,0.98866,0.91969,0.4032,0.90601,0.90537,0.0004556,0.0004556,0.0004556
80,537.093,0.60313,0.83922,1.08563,0.99555,0.98113,0.99124,0.92245,0.40174,0.9061,0.90429,0.0004358,0.0004358,0.0004358
81,543.701,0.5213,0.75499,1.04669,0.99555,0.98113,0.99124,0.92245,0.40174,0.9061,0.90429,0.000416,0.000416,0.000416
82,550.363,0.51813,0.68252,0.98638,0.96166,0.98113,0.9901,0.91451,0.39963,0.93227,0.90428,0.0003962,0.0003962,0.0003962
83,557.052,0.55306,0.77905,1.03391,0.96236,0.98113,0.98841,0.91049,0.39966,0.90942,0.90727,0.0003764,0.0003764,0.0003764
84,563.701,0.52252,0.74064,1.01288,0.96227,0.98113,0.99086,0.92686,0.39509,0.88687,0.90532,0.0003566,0.0003566,0.0003566
85,570.307,0.54271,0.76769,1.03046,0.96227,0.98113,0.99086,0.92686,0.39509,0.88687,0.90532,0.0003368,0.0003368,0.0003368
86,576.837,0.58326,0.73182,1.06833,0.97681,1,0.99407,0.93145,0.39339,0.87629,0.89807,0.000317,0.000317,0.000317
87,583.397,0.56499,0.75201,1.01253,0.9974,1,0.995,0.93542,0.38364,0.84287,0.88713,0.0002972,0.0002972,0.0002972
88,590.018,0.50369,0.6995,0.99965,0.99674,1,0.995,0.9392,0.36736,0.81688,0.87503,0.0002774,0.0002774,0.0002774
89,596.633,0.5178,0.76419,0.99568,0.99674,1,0.995,0.9392,0.36736,0.81688,0.87503,0.0002576,0.0002576,0.0002576
90,603.169,0.4913,0.68389,0.97812,0.99863,1,0.995,0.94206,0.34968,0.79005,0.86066,0.0002378,0.0002378,0.0002378
91,609.773,0.42217,0.93156,0.95435,0.99901,1,0.995,0.94525,0.33486,0.77135,0.85124,0.000218,0.000218,0.000218
92,616.317,0.39333,0.95316,0.91651,0.99958,1,0.995,0.95433,0.33062,0.75608,0.84867,0.0001982,0.0001982,0.0001982
93,622.967,0.37268,0.88484,0.90117,0.99958,1,0.995,0.95433,0.33062,0.75608,0.84867,0.0001784,0.0001784,0.0001784
94,629.919,0.3804,0.89705,0.93765,1,0.99856,0.995,0.95347,0.31885,0.74445,0.84596,0.0001586,0.0001586,0.0001586
95,636.557,0.41284,0.91034,0.92471,0.99924,1,0.995,0.95161,0.31857,0.74514,0.84696,0.0001388,0.0001388,0.0001388
96,643.075,0.37819,0.83419,0.88887,0.99971,1,0.995,0.94933,0.31872,0.74555,0.8477,0.000119,0.000119,0.000119
97,649.644,0.35512,0.8462,0.93713,0.99971,1,0.995,0.94933,0.31872,0.74555,0.8477,9.92e-05,9.92e-05,9.92e-05
98,656.117,0.35343,0.78834,0.90393,1,0.99987,0.995,0.96108,0.31663,0.74673,0.84672,7.94e-05,7.94e-05,7.94e-05
99,662.566,0.35797,0.8333,0.89646,1,0.99951,0.995,0.96098,0.31715,0.75163,0.84691,5.96e-05,5.96e-05,5.96e-05
100,669.097,0.34783,0.77737,0.86946,1,0.99943,0.995,0.95894,0.31581,0.75437,0.8457,3.98e-05,3.98e-05,3.98e-05
